Dia;Mes;Ano;Hora;Velocidade;Direcao;Temperatura;Umidade;Pressao
30;11;2015;14;1.301.213.875;7.510.548.099;2.751.612.903;7.293.063.584;1.020.422.601
30;11;2015;15;1.272.608.696;6.833.433.228;2.723.809.524;7.521.212.121;1.020.394.348
30;11;2015;16;1.208.111.113;6.445.786.539;2.710.526.316;7.574.137.931;1.020.508.333
30;11;2015;17;1.164.722.224;5.384.209.995;2.630.555.556;7.530.263.158;1.020.611
30;11;2015;18;1.106.444.444;5.394.527.939;2.546.428.571;7.659.259.259;10.208.665
30;11;2015;19;1.032.444.445;5.132.071.363;2.476.470.588;8.334.444.444;10.212.865
30;11;2015;20;9.862.777.789;4.735.450.672;2.431.081.081;8.804.464.286;10.216.275
30;11;2015;21;9.598.888.869;4.181.610.784;2.430.434.783;9.132.967.033;1.021.892.333
30;11;2015;22;9.488.888.884;3.956.126.994;24.5;9.241.538.462;1.021.856.167
30;11;2015;23;7.502.222.217;3.788.153.749;2.441.935.484;9.362.962.963;1.021.834.667
1;12;2015;0;7.081.111.103;2.957.310.682;2.337.681.159;94.5;1.021.743.833
1;12;2015;1;8.003.333.415;3.407.861.467;24;9.467.391.304;1021.5
1;12;2015;2;8.149.444.466;3.441.920.359;2.352.631.579;9.551.351.351;1.021.352.333
1;12;2015;3;8.962.777.792;3.057.608.559;2.243.023.256;9.561.038.961;1.021.279.667
1;12;2015;4;7.672.777.804;2.864.172.603;225.862.069;9.655.172.414;1.021.657.833
1;12;2015;5;6.331.666.684;270.869.579;2.273.913.043;95.6;1.022.314.167
1;12;2015;6;4.587.179.497;2.799.001.078;2.296.402.878;9.406.944.444;1.022.913.228
1;12;2015;7;4.961.111.107;303.283.905;2.436.842.105;8.862.921.348;1.023.308
1;12;2015;8;565.944.445;3.162.701.131;2.571.551.724;7.983.116.883;1.023.572.667
1;12;2015;9;5.417.777.794;568.293.866;2.659.210.526;7.518.333.333;1.023.511.833
1;12;2015;10;7.303.910.604;1.074.608.054;2.454.411.765;8.808.536.585;1.011.850.559
1;12;2015;11;8.602.777.796;100.148.739;2.526.086.957;8.948.905.109;1.022.834.667
1;12;2015;12;1.170.611.108;9.010.603.101;25.416;8.555.555.556;10.221.265
1;12;2015;13;1.230.500.005;9.009.027.986;2.522.807.018;8.353.888.889;1.021.731.333
1;12;2015;14;1.208.722.222;9.261.931.312;2.524.096.386;8.729.444.444;1.021.406.833
1;12;2015;15;1.134.166.668;8.888.482.624;2.539.473.684;867.816.092;1.021.182.667
1;12;2015;16;1.069.388.894;8.930.043.627;2.529.411.765;8.968.888.889;1.021.194.333
1;12;2015;17;9.519.444.439;8.564.423.433;2.527.777.778;9.116.666.667;10.213.275
1;12;2015;18;894.000.002;8.396.390.568;2.537.837.838;913.125;10.216.315
1;12;2015;19;8.105.000.016;8.344.035.601;25.32;9.113.432.836;10.220.965
1;12;2015;20;7.637.777.779;8.486.768.253;2.523.809.524;9.102.752.294;10.225.755
1;12;2015;21;6.661.111.122;7.558.460.875;2.541.025.641;9.062.773.723;1.022.867.167
1;12;2015;22;4.801.111.111;6.393.569.425;2.523.333.333;9.050.555.556;1.022.854.333
1;12;2015;23;3.717.777.774;647.529.186;2.545.238.095;9.125.316.456;1.022.667.167
2;12;2015;0;2.141.666.657;3.613.960.931;2.433.613.445;9.195.454.545;1.022.361.333
2;12;2015;1;277.055.556;2.221.556.353;2.404.065.041;9.346.341.463;1.021.904.333
2;12;2015;2;2.749.444.438;3.557.453.278;24.16;9.356.470.588;1.021.741.667
2;12;2015;3;3.912.222.219;3.470.745.286;2.372.727.273;94.55;1.021.681.167
2;12;2015;4;5.532.222.231;3.401.293.724;2.365.714.286;9.456.521.739;1.021.642
2;12;2015;5;6.351.666.662;356.553.715;2.312.883.436;9.473.076.923;1.021.793.833
2;12;2015;6;4.577.777.776;3.391.515.688;230.625;9.388.888.889;1.022.242.333
2;12;2015;7;3.918.888.871;3.410.214.706;2.402.777.778;908.057.554;1.022.591.333
2;12;2015;8;4.281.111.113;7.925.447.043;2.530.555.556;8.104.666.667;1.022.650.667
2;12;2015;9;3.599.999.991;1.795.342.279;2.679.545.455;7.374.074.074;1.022.529.167
2;12;2015;10;3.905.555.554;9.469.520.791;2.666.666.667;7.699.295.775;1.022.345.833
2;12;2015;11;7.156.111.113;1.054.689.891;2.542.647.059;8.397.183.099;1.021.903.167
2;12;2015;12;8.167.222.222;103.251.064;2.596.581.197;7.894.444.444;1.021.442
2;12;2015;13;8.547.777.798;9.780.508.397;261.884.058;7.767.222.222;1.020.905.333
2;12;2015;14;9.712.222.205;9.002.163.331;2.626.190.476;7.905.555.556;1.020.306.167
2;12;2015;15;1.048.055.558;857.889.093;2.635.555.556;7.862.777.778;1.019.979.667
2;12;2015;16;1.028.333.334;8.126.108.621;2.627.027.027;7.838.888.889;10.198.445
2;12;2015;17;9.587.777.768;7.444.505.665;2.608.219.178;7.961.111.111;1.019.776.167
2;12;2015;18;9.037.777.797;6.943.840.729;2.618.333.333;792.752.809;1.019.852.833
2;12;2015;19;7.906.666.687;5.913.047.101;2.543.478.261;8.070.642.202;1.020.261.833
2;12;2015;20;7.552.222.284;5.684.459.412;2.509.876.543;8.283.505.155;1.020.658
2;12;2015;21;6.913.333.315;5.509.999.064;2.434.444.444;8.557.142.857;1.020.995.167
2;12;2015;22;6.856.666.679;5.946.221.562;24.3;8.722.413.793;1.020.971
2;12;2015;23;6.588.333.339;5.152.745.412;2.443.333.333;8.993.103.448;1.020.693.667
3;12;2015;0;6.380.555.564;5.457.042.113;2.409.615.385;9.123.076.923;1.020.326
3;12;2015;1;6.203.888.904;3.904.400.124;2.253.521.127;9.129.365.079;1.020.033.667
3;12;2015;2;6.588.888.878;2.463.981.894;2.252.380.952;9.334.615.385;10.199.255
3;12;2015;3;7.843.888.892;2.909.347.005;2.257.894.737;9.223.333.333;10.199.075
3;12;2015;4;8.235.555.543;2.722.294.391;2.252.941.176;9.136.111.111;1.019.923
3;12;2015;5;8.783.333.349;2.366.753.238;2.331.818.182;8.948.717.949;10.204.315
3;12;2015;6;6.128.333.334;1.070.876.456;2.259.756.098;8.903.305.785;1021.01
3;12;2015;7;3.190.555.557;3.537.603.146;2.267.222.222;9.004.918.033;1.021.428.833
3;12;2015;8;3.397.777.773;1.448.178.967;2.461.046.512;8.283.125;1.021.676.333
3;12;2015;9;4.286.111.106;7.319.028.047;2.629.411.765;7.769.230.769;10.214.735
3;12;2015;10;5.711.111.112;7.473.254.451;2.704.301.075;7.131.460.674;1.021.068.167
3;12;2015;11;7.795.000.031;9.217.982.633;264.375;7.830.555.556;10.205.475
3;12;2015;12;1.010.166.663;924.645.686;2.637.313.433;7.647.777.778;1.019.826.167
3;12;2015;13;1.219.222.224;8.892.627.521;258.172.043;7.787.777.778;1.019.166.333
3;12;2015;14;1.267.666.667;8.454.670.825;2.544.966.443;7.228.888.889;1.018.596.667
3;12;2015;15;1.294.722.222;8.238.588.252;2.504.375;7.537.777.778;1.018.172
3;12;2015;16;1.236.166.671;825.839.982;244.939.759;7.949.444.444;1.018.194.167
3;12;2015;17;105.788.889;7.939.794.609;2.416.666.667;8.239.285.714;10.185.085
3;12;2015;18;8.624.999.976;7.267.965.767;2.369.784.173;8.481.547.619;1.018.878.833
3;12;2015;19;8.648.333.348;6.462.140.637;2.338.372.093;867.173.913;10.193.275
3;12;2015;20;8.185.555.577;5.849.107.706;2.371.153.846;9.034.532.374;1.019.725.667
3;12;2015;21;8.362.222.224;4.958.931.543;2.382.407.407;9.094.915.254;1.019.814.167
3;12;2015;22;8.218.888.887;4.329.494.232;2.341.666.667;9.128.125;10.197.095
3;12;2015;23;6.366.111.098;4.518.134.503;2.305.479.452;9.235.714.286;1.019.541
4;12;2015;0;667.944.444;4.438.394.286;2.244.578.313;937.260.274;1.019.371
4;12;2015;1;6.501.111.105;4.543.602.515;2.237.719.298;9.352.941.176;1.019.182.833
4;12;2015;2;5.751.666.681;3.839.676.461;23;93.6;10.191.625
4;12;2015;3;3.634.444.431;3.261.624.612;226.369.863;9.391.111.111;1.019.343.833
4;12;2015;4;2.379.444.436;3.466.118.363;2.252.631.579;9.450.793.651;1.019.909.333
4;12;2015;5;6.209.444.447;2.919.704.866;2.283.185.841;9.475.257.732;1.020.723.333
4;12;2015;6;8.868.333.353;2.879.460.862;2.201.111.111;8.867.222.222;1.020.824.333
4;12;2015;7;7.169.444.454;2.905.024.206;2.184.444.444;8.949.444.444;1.020.706.167
4;12;2015;8;7.855.000.024;3.272.926.549;2.222.222.222;8.656.097.561;1.021.162.167
4;12;2015;9;8.678.333.314;3.525.306.226;21.95;8.598.780.488;1.019.984
4;12;2015;10;5.514.444.447;3.441.896.393;2.248.275.862;8.923.888.889;1.019.879.833
4;12;2015;11;3.916.111.112;2.663.364.136;2.372.857.143;9.021.348.315;1.020.096.667
4;12;2015;12;4.583.333.332;2.081.361.041;2.414.193.548;8.631.875;1.019.655.167
4;12;2015;13;5.026.111.117;1.707.928.815;2.108.426.966;8.851.136.364;1.019.006.833
4;12;2015;14;3.641.666.659;1.613.186.045;2.063.571.429;8.506.111.111;1.018.459.667
4;12;2015;15;3.826.666.664;1.204.645.503;2.110.714.286;85.625;1.018.363.833
4;12;2015;16;5.711.764.719;8.931.553.203;224.822.695;8.704.294.479;1.018.435.059
4;12;2015;17;7.486.585.384;7.358.798.948;2.314.634.146;852.804.878;1.018.429.756
4;12;2015;18;5.979.444.432;5.694.336.924;2.427.647.059;8.007.303.371;1.018.803.833
4;12;2015;19;6.625.555.571;5.041.032.298;2.446.511.628;8.460.784.314;1.019.279.167
4;12;2015;20;761.166.669;5.070.095.719;2.384.745.763;8.983.333.333;1.019.639.333
4;12;2015;21;7.811.666.716;5.410.980.164;2.384.722.222;9.281.967.213;1.019.965.167
4;12;2015;22;8.371.666.662;4.781.598.939;2.338.095.238;9.479.090.909;1.019.908.333
4;12;2015;23;8.703.333.328;4.277.353.127;2.342.857.143;9.526.153.846;1.019.455
5;12;2015;0;7.166.111.106;3.335.853.469;2.327.777.778;9.710.810.811;1.019.234.667
5;12;2015;1;7.646.666.688;2.376.208.916;2.262.162.162;9.752.380.952;1.019.002.833
5;12;2015;2;7.447.222.233;2.667.885.461;2.228.947.368;9.672.222.222;1.018.834.833
5;12;2015;3;5.448.888.885;2.029.421.781;2.181.818.182;96.52;1.019.179.833
5;12;2015;4;5.323.888.879;1.722.945.932;2.174.137.931;9.635.849.057;1.019.493.167
5;12;2015;5;5.950.555.584;2.818.763.425;2.161.111.111;9.568.965.517;1.019.728.833
5;12;2015;6;2.342.777.773;3.317.178.157;2.217.094.017;9.561.386.139;1.020.639.833
5;12;2015;7;3.828.888.892;1.645.631.445;2.326.086.957;94.12;1.020.725.333
5;12;2015;8;5.740.000.004;2.782.400.139;2.552.873.563;8.373.333.333;10.204.355
5;12;2015;9;6.441.666.687;277.099.457;2.673.571.429;7.182.222.222;1.020.084.167
5;12;2015;10;7.837.777.762;2.442.899.764;2.906.818.182;6.063.333.333;1.019.627.833
5;12;2015;11;7.322.222.243;3.521.482.174;2.991.463.415;5.218.333.333;1.019.137.667
5;12;2015;12;8.948.888.906;6.130.756.264;2.947.560.976;5.937.222.222;1.018.608
5;12;2015;13;1.176.722.224;661.423.187;2.861.538.462;6.258.888.889;10.178.755
5;12;2015;14;1.282.666.667;6.768.511.205;2.732.089.552;6.691.111.111;10.174.555
5;12;2015;15;1.355.055.557;656.733.003;2.760.451.977;6.803.888.889;1.017.242
5;12;2015;16;125.788.889;5.864.666.386;2.661.744.966;6.936.746.988;1.017.296.333
5;12;2015;17;1.332.222.223;4.916.068.542;2.572.077.922;7.514.204.545;1.017.569.667
5;12;2015;18;1.166.555.554;47.324.648;2.471.153.846;8.334.782.609;1.018.131.167
5;12;2015;19;1.074.611.113;4.102.240.316;2.451.428.571;8.708.695.652;1.018.944
5;12;2015;20;1.016.666.663;4.405.961.483;2.457.894.737;8.880.851.064;10.193.665
5;12;2015;21;795.277.778;3.412.990.521;2.485.454.545;8.979.411.765;1.019.973.333
5;12;2015;22;1.180.111.109;4.092.776.284;2.375.735.294;9.267.625.899;10.200.645
5;12;2015;23;1.336.055.556;4.264.916.791;2.331.481.481;9.449.056.604;10.191.275
6;12;2015;0;127.488.889;1.856.580.623;2.347.058.824;9.457.692.308;10.192.665
6;12;2015;1;834.000.001;3.469.700.808;2.304.854.369;9.343.298.969;1.019.652.333
6;12;2015;2;6.342.222.232;3.219.450.259;2.271.523.179;9.044.537.815;1.019.884.667
6;12;2015;3;6.403.888.885;2.891.099.137;224.516.129;9.043.396.226;1.020.229.667
6;12;2015;4;4.513.888.869;2.602.102.364;2.126.785.714;9.342.156.863;1.020.390.167
6;12;2015;5;3.126.111.097;2.655.725.063;2.230.769.231;9.143.902.439;1.020.490.167
6;12;2015;6;7.183.888.907;354.554.409;2.207.284.768;9.030.136.986;1.020.528.167
6;12;2015;7;8.339.444.447;9.637.300.107;2.229.655.172;9.527.659.574;1.020.576.833
6;12;2015;8;7.651.666.665;5.019.567.697;2.323.333.333;908.255.814;10.207.955
6;12;2015;9;7.628.888.888;639.170.207;2.409.444.444;895.323.741;1.020.948.333
6;12;2015;10;7.064.444.455;1.136.439.002;2.507.333.333;8.870.769.231;1.020.847.667
6;12;2015;11;5.650.000.003;3.546.010.192;2.612.777.778;8.426.056.338;1.020.705.667
6;12;2015;12;5.998.888.899;3.497.498.423;2.698.333.333;7.756.321.839;10.203.515
6;12;2015;13;647.111.111;3.349.793.909;280.733.945;6.987.222.222;1.019.855.167
6;12;2015;14;3.438.888.877;3.409.123.239;2.896.052.632;6.635.119.048;1.019.417.833
6;12;2015;15;7.015.555.586;6.320.783.888;2.820.588.235;7.344.444.444;1.018.910.833
6;12;2015;16;8.798.333.364;5.314.422.352;2.761.111.111;7.555.102.041;1.018.608.667
6;12;2015;17;917.666.667;4.273.502.171;2.650.909.091;7.694.949.495;1.018.735.833
6;12;2015;18;9.618.888.903;3.681.545.491;2.560.416.667;8.162.068.966;10.192.095
6;12;2015;19;1.071.833.333;350.911.189;2.452.941.176;8.653.448.276;10.194.145
6;12;2015;20;9.776.111.105;327.116.015;2.435.714.286;8.945.283.019;1.019.748
6;12;2015;21;1.023.222.223;2.936.203.624;241.754.386;9.194.545.455;1.020.036.667
6;12;2015;22;1.050.055.555;2.838.441.234;2.396.261.682;9.168.103.448;1.020.000.333
6;12;2015;23;1.092.555.556;2.699.322.909;2.318.181.818;9.221.505.376;1.019.702.167
7;12;2015;0;1.045.277.778;2.408.820.566;23.4;9.258.108.108;1.019.408.833
7;12;2015;1;9.133.888.854;214.395.628;2.269.230.769;9.278.947.368;1.019.068
7;12;2015;2;8.645.000.039;2.485.119.991;2.217.647.059;9.341.666.667;1.018.801
7;12;2015;3;9.506.666.697;1.920.614.587;2.231.428.571;908.490.566;1.018.750.833
7;12;2015;4;1.017.444.446;2.282.278.187;2.247.706.422;8.753.271.028;1.018.861.167
7;12;2015;5;1.044.888.887;2.349.304.457;23;9.039.215.686;1.019.319.833
7;12;2015;6;9.386.111.148;2.380.579.396;2.356.410.256;88.525;10.199.225
7;12;2015;7;930.055.555;168.334.667;2.523.387.097;8.296.153.846;10.202.255
7;12;2015;8;8.208.888.888;1.523.150.932;2.627.927.928;7.898.529.412;10.206.985
7;12;2015;9;7.518.333.348;1.845.832.427;2.740.659.341;7.720.149.254;1.020.818.667
7;12;2015;10;6.862.222.213;2.158.513.047;28.55;7.328.888.889;1.020.727.833
7;12;2015;11;5.480.555.546;2.993.957.942;2.971.428.571;6.872.777.778;1.020.515.833
7;12;2015;12;6.267.222.208;6.205.528.924;30.140.625;6.811.666.667;1.019.990.833
7;12;2015;13;9.996.111.131;6.310.214.211;2.981.730.769;7.048.888.889;1.019.223.167
7;12;2015;14;1.181.111.108;5.906.023.691;2.913.793.103;6.988.888.889;10.185.985
7;12;2015;15;1.206.611.115;6.215.951.596;2.821.276.596;71.65;1.018.351
7;12;2015;16;1.077.500.001;5.174.758.137;2.793.023.256;7.211.363.636;1.018.480.667
7;12;2015;17;1.015.055.557;4.517.376.226;2.649.473.684;7.583.333.333;1.018.669
7;12;2015;18;1.005.333.336;4.409.061.859;2.469.285.714;7.908.461.538;10.187.875
7;12;2015;19;8.592.777.782;4.135.513.186;2.463.157.895;8.175.324.675;1.019.664.667
7;12;2015;20;8.041.111.151;3.479.354.314;2.518.181.818;8.242.105.263;1.020.353.667
7;12;2015;21;7.749.444.461;3.180.965.724;2.437.894.737;8.197.619.048;1.020.455.833
7;12;2015;22;5.438.333.314;2.010.063.392;2.375.280.899;84.75;10.207.165
7;12;2015;23;2.739.999.994;3.237.132.764;2.388.888.889;8.611.538.462;1020.91
8;12;2015;0;244.499.999;1.005.977.078;2.405.128.205;854.137.931;1.020.701.667
8;12;2015;1;3.718.888.899;5.041.297.625;23.625;8.659.322.034;1.020.352.167
8;12;2015;2;7.165.555.602;5.533.516.752;234.375;8.913.235.294;1.020.227.167
8;12;2015;3;7.361.666.674;4.822.256.471;2.327.956.989;8.948.076.923;1.020.358
8;12;2015;4;7.041.111.096;4.834.941.767;2.348.571.429;9.133.333.333;1.020.596.167
8;12;2015;5;7.375.000.024;476.345.934;234.137.931;8.817.592.593;1.021.013.833
8;12;2015;6;4.896.111.117;5.941.714.242;24.5;8.811.111.111;1.021.872.333
8;12;2015;7;4.616.111.104;4.943.667.708;2.462.857.143;8.437.313.433;1.022.514.167
8;12;2015;8;3.581.111.105;5.699.551.767;2.535.820.896;805.483.871;10.229.465
8;12;2015;9;2.976.111.105;1.335.296.639;259.010.989;7.972.649.573;1.023.262
8;12;2015;10;5.676.111.126;1.091.605.643;2.530.232.558;8.415.662.651;1.023.017.833
8;12;2015;11;8.590.173.459;9.050.366.889;2.518.421.053;8.499.328.859;1.022.439.884
8;12;2015;12;1.030.231.212;8.364.240.166;2.536.842.105;8.137.572.254;1.021.921.214
8;12;2015;13;1.013.555.555;8.574.810.247;2.539.393.939;8.242.777.778;1.021.632.833
8;12;2015;14;1.053.833.338;8.380.969.851;2.536.363.636;8.357.317.073;1.021.271.833
8;12;2015;15;1.067.943.263;7.819.874.364;253.203.125;8.190.909.091;1.020.964.255
8;12;2015;16;9.806.194.651;6.467.350.698;2.553.623.188;8.025.663.717;1.020.910.354
8;12;2015;17;8.765.555.559;568.392.068;2.576.691.729;7.696.899.225;1.021.130.167
8;12;2015;18;7.857.222.231;5.554.948.143;2.520.512.821;7.715.384.615;1.021.625.833
8;12;2015;19;7.341.111.125;5.525.726.368;2.515.151.515;7.998.630.137;1.022.238
8;12;2015;20;7.320.555.544;5.897.837.666;2.454.545.455;8.390.721.649;1.022.684.667
8;12;2015;21;7.771.111.139;5.672.489.582;2.418.072.289;86.56;1.022.972.667
8;12;2015;22;6.461.666.669;4.771.004.256;2.444.444.444;8.847.368.421;1.023.115
8;12;2015;23;5.391.111.146;3.758.106.248;2.407.407.407;9.153.465.347;10.229.665
9;12;2015;0;5.110.000.004;3.667.231.031;23.32;9.266.176.471;1.022.437
9;12;2015;1;536.722.223;3.004.084.176;2.355.172.414;9.365.714.286;1.022.131.333
9;12;2015;2;3.873.888.867;2.242.791.472;2.302.777.778;9.483.168.317;1.022.230.667
9;12;2015;3;4.446.666.645;3.738.446.782;2.351.724.138;9.447.222.222;1.022.264.167
9;12;2015;4;526.833.334;2.651.380.514;2.328.571.429;95.16;1.022.313.333
9;12;2015;5;6.575.000.016;2.038.032.449;2.352.941.176;9.381.944.444;10.226.415
9;12;2015;6;7.045.000.026;196.320.036;2.356.435.644;8.875.423.729;1.022.919
9;12;2015;7;6.110.555.535;1.918.351.984;2.378.861.789;8.647.058.824;1.023.308.333
9;12;2015;8;5.655.555.567;2.960.281.551;2.475.409.836;7.696.666.667;1.023.642.333
9;12;2015;9;4.807.777.777;3.408.108.183;2.587.313.433;7.189.444.444;10.237.265
9;12;2015;10;5.813.888.899;9.650.643.734;26;7.684.567.901;1.023.505.833
9;12;2015;11;799.666.667;1.000.987.385;2.519.626.168;8.246.428.571;1.023.086
9;12;2015;12;944.555.557;9.647.337.948;2.541.237.113;80.25;1.022.667.667
9;12;2015;13;1.203.314.917;8.674.111.212;2.522.543.353;7.635.911.602;1.010.654.088
9;12;2015;14;122.161.111;8.085.841.671;2.583.333.333;7.422.222.222;10.213.865
9;12;2015;15;1.186.944.446;8.087.476.476;2.561.643.836;7.660.714.286;1.021.069.833
9;12;2015;16;1.115.777.779;7.689.925.302;2.601.351.351;7.483.928.571;1.021.025.167
9;12;2015;17;100.385.714;7.071.132.477;26;7.712.857.143;1.021.015.286
9;12;2015;18;9.294.444.137;6.029.675.769;25;77;102.148.875
9;12;2015;19;8.617.613.646;5.783.986.731;2.513.513.514;8.171.875;1.021.691.932
9;12;2015;20;861.944.445;5.330.322.204;2.427.142.857;8.641.558.442;10.218.315
9;12;2015;21;8.383.333.339;4.802.360.763;24.24;8.862.820.513;1.021.980.833
9;12;2015;22;9.193.333.345;4.519.315.883;23.975;9.101.904.762;1.021.810.667
9;12;2015;23;9.868.333.361;4.302.296.304;2.343.902.439;9.144.444.444;10.212.965
10;12;2015;0;9.702.777.778;3.934.506.861;2.363.333.333;9.152.777.778;1.020.876.167
10;12;2015;1;9.402.222.241;3.744.231.593;2.351.724.138;9.331.746.032;1.020.683.167
10;12;2015;2;984.444.446;3.284.317.316;2.325.490.196;9.430.645.161;1.020.771
10;12;2015;3;9.884.444.449;2.845.499.265;2.239.506.173;96;1.020.895.333
10;12;2015;4;10.4;3.002.065.476;2.258.695.652;9.525.714.286;1.020.977.167
10;12;2015;5;1.097.944.443;2.679.781.914;2.221.311.475;9.442.105.263;1.021.202
10;12;2015;6;1.034.888.888;2.538.987.455;2.259.444.444;927.826.087;1.021.556
10;12;2015;7;8.664.024.411;2.530.882.502;2.347.692.308;9.039.655.172;1.021.755.183
10;12;2015;8;7.215.384.667;2.871.112.531;2.592.307.692;7.446.153.846;1.022.434.615
10;12;2015;9;6.847.777.804;3.024.628.247;263.960.396;7.067.777.778;1.022.294.667
10;12;2015;10;7.066.666.672;2.960.184.498;2.781.617.647;6.081.666.667;1.022.036.667
10;12;2015;11;6.822.777.775;1.803.905.483;2.939.772.727;4.937.222.222;1.021.518
10;12;2015;12;8.407.222.243;6.579.591.564;2.936.842.105;5.608.333.333;1.021.041.667
10;12;2015;13;1.186.166.664;7.021.550.789;2.856.804.734;6.267.777.778;1.020.300.667
10;12;2015;14;1.207.333.332;6.929.004.205;2.834.615.385;6.495.774.648;1.019.889.667
10;12;2015;15;1.142.111.111;6.378.643.286;2.815.384.615;6.471.111.111;1.019.514.167
10;12;2015;16;1.120.611.112;6.058.701.745;27.464;6.372.151.899;1.019.461.667
10;12;2015;17;1.071.111.111;5.179.799.832;2.671.428.571;6.486.046.512;1.019.604.833
10;12;2015;18;1.033.666.669;4.789.091.482;2.531.034.483;7.338.636.364;1.019.899.167
10;12;2015;19;1.061.555.559;4.488.260.366;2.444.230.769;81.8;1.020.187.667
10;12;2015;20;11.555;4.246.677.141;2.457.142.857;8.723.404.255;1.020.421.833
10;12;2015;21;1.136.055.555;3.670.394.713;2.348.421.053;8.960.655.738;1.020.722.667
10;12;2015;22;10.125;2.967.979.574;2.329.166.667;9.218.888.889;1.020.865
10;12;2015;23;8.755.555.606;2.316.173.558;22.76;9.372.413.793;1.020.688.833
11;12;2015;0;9.684.444.467;2.539.056.295;2.264.341.085;9.431.182.796;10.203.455
11;12;2015;1;1.045.388.889;2.796.402.612;2.133.707.865;9.540.425.532;10.200.445
11;12;2015;2;9.083.333.336;2.257.731.205;2.117.977.528;9.506.666.667;1.020.040.333
11;12;2015;3;1.020.777.779;2.581.835.883;2.123.255.814;9.533.333.333;10.199.365
11;12;2015;4;1.041.555.556;3.096.416.137;2.142.553.191;9.565.625;1.020.049
11;12;2015;5;6.493.888.889;5.220.606.603;2.166.060.606;9.683.333.333;1.021.019
11;12;2015;6;6.051.111.117;3.435.825.653;2.163.803.681;9.507.317.073;1.021.583.333
11;12;2015;7;6.922.777.775;1.756.226.777;2.254.954.955;896.741.573;1.021.803.667
11;12;2015;8;7.566.666.683;1.883.783.345;2.534.027.778;7.515.555.556;1.021.917.167
11;12;2015;9;5.641.111.112;1.789.286.994;2.702.840.909;6.646.590.909;1.022.001.833
11;12;2015;10;5.032.222.228;1.451.723.293;2.901.935.484;5.222.222.222;1.021.826.833
11;12;2015;11;5.585.555.534;3.968.341.835;2.981.343.284;4.635.555.556;10.215.215
11;12;2015;12;1.002.444.449;7.967.271.209;2.816.483.516;6.474.719.101;1.020.928.167
11;12;2015;13;127.377.778;7.666.169.331;2.731.343.284;6.940.384.615;1.020.267.667
11;12;2015;14;1.265.222.224;7.306.225.881;2.743.835.616;6.958.024.691;1.019.928
11;12;2015;15;1.232.444.445;6.424.965.665;27.421.875;6.546.666.667;1.019.813
11;12;2015;16;1.245.777.779;5.700.767.389;2.709.615.385;6.538.888.889;1.019.629.667
11;12;2015;17;1.215.444.442;5.260.384.889;2.562.365.591;6.981.097.561;1.019.742
11;12;2015;18;1.127.777.781;5.195.851.662;2.473.214.286;7.954.666.667;10.200.445
11;12;2015;19;10.78;4.941.990.825;24.45;85.5;1.020.532.833
11;12;2015;20;1.055.333.337;4.721.877.526;2.434.042.553;8.910.638.298;1021.2
11;12;2015;21;1.074.944.447;4.269.060.694;2.411.538.462;8.958.139.535;1.021.678.167
11;12;2015;22;9.889.444.452;4.172.901.173;2.440.983.607;9.104.225.352;1.021.901.333
11;12;2015;23;9.591.111.135;3.911.617.114;2.417.045.455;9.306.329.114;1.021.594.167
12;12;2015;0;8.445.000.052;35.411.274;2.349.206.349;9.334.090.909;1.021.282.833
12;12;2015;1;8.419.999.997;3.423.225.355;2.319.736.842;95.75;1.021.017
12;12;2015;2;8.740.555.565;3.114.348.228;24;9.629.850.746;1.020.921.833
12;12;2015;3;8.596.111.163;3.194.964.426;2.340.425.532;9.636.111.111;1.021.045
12;12;2015;4;7.520.000.013;3.018.297.476;234.480.293;9.677.777.778;1.021.474.667
12;12;2015;5;6.603.888.896;287.377.279;2.349.180.328;9.758.064.516;1021.91
12;12;2015;6;4.579.999.997;2.023.738.408;2.282.926.829;9.765.909.091;1.022.388.167
12;12;2015;7;6.177.777.791;3.484.945.118;2.430.769.231;9.397.619.048;1.022.488.167
12;12;2015;8;7.175.555.552;2.593.706.248;2.611.851.852;8.306.111.111;1.022.735.833
12;12;2015;9;7.286.111.119;3.311.617.294;2.744.230.769;6.957.777.778;10.228.305
12;12;2015;10;6.262.777.795;4.111.054.799;2.862.790.698;5.809.444.444;1.022.772.167
12;12;2015;11;1.044.555.556;7.739.687.654;2.764.383.562;60.65;1.022.228
12;12;2015;12;1.160.055.557;777.276.817;276.185.567;6.124.444.444;1.021.771.667
12;12;2015;13;1.222.777.776;797.082.666;2.798.387.097;5.529.444.444;10.213.575
12;12;2015;14;1.296.666.667;7.905.182.861;270.620.155;6.489.444.444;1.020.868.333
12;12;2015;15;1.307.055.556;8.085.328.943;2.625.316.456;76.25;1.020.704.833
12;12;2015;16;1.319.777.777;8.226.098.384;2.545.098.039;8.442.073.171;1.020.560.667
12;12;2015;17;1.266.055.554;7.914.457.453;25.34;87.95;1.020.691.833
12;12;2015;18;1.144.888.887;7.339.296.986;24.52;94;1.020.793.333
12;12;2015;19;9.461.666.693;6.511.115.829;24.51;9.156.962.025;10.213.865
12;12;2015;20;9.123.333.332;5.995.670.607;24.5;9.238.095.238;1.021.972.167
12;12;2015;21;9.818.333.361;5.784.536.376;25;9.229.032.258;1.022.200.333
12;12;2015;22;8.948.888.903;5.982.722.114;2.415.151.515;9.445.544.554;1.022.404.167
12;12;2015;23;9.055.555.571;5.369.975.636;2.441.860.465;9.530.555.556;1.022.048.833
13;12;2015;0;7.890.000.041;5.279.735.894;24.5;9.639.473.684;1.021.899.667
13;12;2015;1;7.615.555.541;5.299.912.571;2.448.648.649;9.668.518.519;1.021.623.667
13;12;2015;2;7.181.111.116;5.434.193.724;24.3;9.707.692.308;1.021.481.333
13;12;2015;3;8.038.888.923;5.209.028.665;2.405.128.205;9.646.153.846;1.021.513
13;12;2015;4;6.657.777.781;4.537.937.207;2.353.246.753;9.707.526.882;1.021.825
13;12;2015;5;5.731.666.668;3.841.685.478;24.25;98;1.022.131
13;12;2015;6;4.992.222.219;4.341.054.293;2.383.216.783;9.751.351.351;1.022.508.167
13;12;2015;7;4.917.222.232;4.266.935.581;2.458.064.516;9.364.864.865;1.022.775.833
13;12;2015;8;4.522.777.784;527.740.731;2.534.920.635;87.5;10.229.645
13;12;2015;9;5.969.999.998;9.463.988.694;25.359.375;8.767.123.288;1.023.067.167
13;12;2015;10;8.941.111.149;9.034.788.724;2.505.333.333;91.5;1.022.716
13;12;2015;11;1.064.944.445;9.718.162.039;2.443.333.333;9.419.230.769;10.224.265
13;12;2015;12;1.148.833.333;9.058.205.515;2.503.636.364;9.139.655.172;10.220.235
13;12;2015;13;1.348.833.335;840.258.753;2.497.979.798;9.032.222.222;10.214.695
13;12;2015;14;135.538.889;7.599.116.536;2.555.223.881;8.611.111.111;1.020.960.667
13;12;2015;15;1.283.833.332;7.941.646.301;26.2;80.6;1.020.911
13;12;2015;16;1.338.888.887;7.732.769.205;2.605.769.231;8.126.111.111;10.207.575
13;12;2015;17;1.323.944.443;7.407.808.034;2.550.704.225;8.161.111.111;10.207.055
13;12;2015;18;124.561.111;6.778.221.041;2.554.605.263;8.007.741.935;1.021.035.833
13;12;2015;19;1.218.287.293;666.718.503;2.461.111.111;8.025.252.525;1.010.107.127
13;12;2015;20;1.038.000.002;6.355.774.744;25.42;8.574.647.887;1.021.929.667
13;12;2015;21;9.965.000.017;6.127.420.102;2.466.666.667;8.773.170.732;1.022.324.667
13;12;2015;22;882.888.889;5.653.326.101;2.433.333.333;8.930.841.122;1.022.487.333
13;12;2015;23;7.914.999.991;5.111.751.006;2.466.666.667;90.7;1.022.363.167
14;12;2015;0;8.043.888.934;4.966.441.607;2.431.313.131;9.195.049.505;1.022.072.333
14;12;2015;1;6.992.777.816;5.166.796.594;25;9.327.777.778;1.022.021.167
14;12;2015;2;5.562.222.258;4.598.545.236;2.450.819.672;9.470.491.803;1.021.997
14;12;2015;3;5.780.000.011;4.544.934.197;2.379.591.837;96;1.021.968.667
14;12;2015;4;5.123.888.914;4.442.220.313;2.354.166.667;9.453.846.154;10.221.235
14;12;2015;5;3.913.333.325;5.259.005.427;2.405.555.556;9.462.650.602;1.022.609.833
14;12;2015;6;2.117.222.218;5.018.385.361;236.119.403;9.420.430.108;1.022.980.667
14;12;2015;7;1.765.555.546;6.466.306.836;2.487.313.433;9.142.105.263;1.023.306.833
14;12;2015;8;3.869.999.998;9.740.103.629;2.489.855.072;8.985.034.014;1.023.512.833
14;12;2015;9;5.615.555.551;9.552.151.451;2.458.974.359;8.922.543.353;1.023.526.333
14;12;2015;10;7.051.666.668;1.007.937.849;2.535.779.817;8.948.170.732;1.023.242.167
14;12;2015;11;8.262.777.803;9.804.860.181;2.527.272.727;8.554.444.444;1.022.800.167
14;12;2015;12;9.714.444.415;9.663.798.745;2.556.111.111;8.180.555.556;1.022.315
14;12;2015;13;1.004.333.333;9.795.633.964;25.5;8.447.972.973;1.021.872.333
14;12;2015;14;9.957.777.786;9.146.449.579;25.24;8.843.165.468;1.021.399.333
14;12;2015;15;9.927.777.746;8.890.456.893;2.541.463.415;8.638.823.529;1.021.006.667
14;12;2015;16;867.777.778;9.006.791.061;2.524.137.931;8.490.963.855;1.021.002.667
14;12;2015;17;7.916.666.704;9.002.372.656;2.543.589.744;86.52;1.021.144.667
14;12;2015;18;7.661.666.685;8.566.377.723;2.518.421.053;8.927.848.101;1.021.311.333
14;12;2015;19;8.475.555.571;7.916.262.424;2.513.636.364;8.737.681.159;1.021.376.833
14;12;2015;20;889.111.112;7.547.244.876;2.538.461.538;8.746.078.431;1.021.508.333
14;12;2015;21;7.775.000.011;8.004.812.571;2.528.571.429;8.832.222.222;1.021.898.833
14;12;2015;22;7.985.555.591;8.215.734.456;2.517.948.718;8.905.405.405;1.021.991.379
14;12;2015;23;7.206.666.671;7.341.897.725;2.480.327.869;9.128.915.663;10.218.235
15;12;2015;0;642.444.445;6.785.952.667;2.454.545.455;90.6;1.021.547.333
15;12;2015;1;7.153.333.341;6.112.659.754;2.411.650.485;9.300.588.235;1.021.342.167
15;12;2015;2;7.087.222.237;4.767.234.872;233.442.623;908.125;1.021.312.167
15;12;2015;3;5.783.888.857;449.486.781;2.397.385.621;8.907.222.222;1.021.491.667
15;12;2015;4;5.622.777.761;533.649.144;2.433.333.333;9.014.666.667;1.021.650.667
15;12;2015;5;5.505.797.117;6.083.787.402;2.433.333.333;9.146.666.667;1.022.123.212
15;12;2015;6;457.111.109;5.719.920.094;2.408.333.333;9.226.086.957;10.227.085
15;12;2015;7;5.480.555.561;6.551.386.759;2.447.826.087;9.083.783.784;1.023.014.667
15;12;2015;8;5.925.555.566;7.537.954.511;2.526.027.397;8.344.525.547;10.230.745
15;12;2015;9;5.647.777.784;9.651.296.158;26;8.451.408.451;10.232.925
15;12;2015;10;5.827.777.788;8.860.133.183;2.568.067.227;7.938.888.889;1.023.172.667
15;12;2015;11;8.864.444.481;9.437.108.744;2.539.181.287;7.623.888.889;1.022.777
15;12;2015;12;8.671.666.659;9.505.867.118;2.545.033.113;7.613.888.889;10.223.455
15;12;2015;13;9.193.333.371;9.553.593.609;2.558.333.333;76.85;1.021.824
15;12;2015;14;9.668.888.903;9.424.650.948;2.567.222.222;7.672.222.222;1.021.443.333
15;12;2015;15;1.034.111.116;8.968.808.709;2.553.409.091;7.763.333.333;1.021.024.167
15;12;2015;16;1.049.000.001;8.462.230.578;251.509.434;8.003.472.222;10.208.395
15;12;2015;17;1.084.055.559;7.970.135.208;2.542.857.143;825.698.324;1.020.698.333
15;12;2015;18;1.052.666.669;7.358.040.261;2.391.919.192;7.963.841.808;1.015.422.333
15;12;2015;19;1.011.944.442;7.317.681.828;2.443.421.053;8.154.819.277;1.018.433.667
15;12;2015;20;9.520.555.586;6.796.031.943;2.420.300.752;8.207.189.542;1.021.258.333
15;12;2015;21;8.867.777.777;6.524.531.375;2.419.753.086;8.250.925.926;1.021.383.167
15;12;2015;22;870.888.887;5.805.803.119;2.340.625;8.522.222.222;1.021.350.167
15;12;2015;23;8.852.777.804;5.002.170.462;2.329.310.345;887.027.027;1.021.127.333
16;12;2015;0;8.388.888.918;4.796.491.545;2.317.391.304;890.989.011;1.021.051
16;12;2015;1;7.708.888.925;4.364.883.341;2.340.384.615;8.828.571.429;1.020.678.667
16;12;2015;2;6.646.111.104;3.571.842.998;2.322.222.222;8.987.804.878;1.020.438.333
16;12;2015;3;5.608.333.304;3.426.560.919;23.4;8.783.146.067;10.173.925
16;12;2015;4;4.486.285.722;2.043.395.196;2.328.571.429;8.820.833.333;1.020.666
16;12;2015;5;4.389.743.695;1.254.448.118;2.251.515.152;8.960.416.667;10.211.025
16;12;2015;6;4.975.000.003;156.863.363;23.4;91;1.021.191.509
16;12;2015;7;4.015.555.555;2.209.092.656;25;8.729.885.057;1.021.159.167
16;12;2015;8;3.401.111.104;5.541.036.873;2.548.876.404;8.142.405.063;1.021.842.833
16;12;2015;9;5.964.444.441;8.427.690.569;25.6;8.475.581.395;10.189.235
16;12;2015;10;584.611.111;7.588.082.919;2.447.222.222;8.683.108.108;1.007.332.833
16;12;2015;11;3.067.222.222;1.012.538.099;2.512.121.212;8.128.735.632;1.012.254.167
16;12;2015;12;6.158.333.341;1.093.181.556;2.480.172.414;8.690.555.556;9.971.311.667
16;12;2015;13;7.636.666.674;1.059.986.927;25;8.492.222.222;9.959.511.667
16;12;2015;14;9.487.951.799;1.040.982.844;2.547.014.925;8.041.139.241;1.005.961.446
16;12;2015;15;105.838.889;943.266.428;253.015.873;8.223.888.889;1.015.305.167
16;12;2015;16;1.054.611.113;8.334.908.996;25.25;8.364.444.444;1.017.071.667
16;12;2015;17;1.132.888.895;779.073.271;253.375;8.835.555.556;1.002.411.833
16;12;2015;18;9.965.555.541;7.176.556.966;25.25;9.098.876.404;9.977.033.333
16;12;2015;19;8.590.000.017;6.108.005.622;25.25;8.891.111.111;1.003.586.167
16;12;2015;20;9.785.000.004;5.709.372.926;2.513.761.468;8.973.076.923;1.012.108.667
16;12;2015;21;894.333.335;6.055.261.873;2.534.782.609;8.873.529.412;1.016.541.167
16;12;2015;22;9.591.111.135;5.184.091.035;2.476.146.789;8.967.857.143;1.014.006.833
16;12;2015;23;8.247.222.267;515.378.763;2.436.666.667;91.52;1003.67
17;12;2015;0;752.277.782;4.688.092.455;24.125;9.351.041.667;9.917.828.333
17;12;2015;1;8.046.666.733;4.140.041.803;2.448.148.148;9.446.315.789;9.905.396.667
17;12;2015;2;9.480.555.529;4.077.375.842;2.439.534.884;9.411.764.706;9.820.341.667
17;12;2015;3;8.667.777.769;4.318.564.512;2.452.173.913;9.321.764.706;9.833.338.333
17;12;2015;4;8.018.333.393;3.962.850.181;2.439.285.714;9.546.753.247;9.833.261.667
17;12;2015;5;6.981.111.092;3.901.861.657;2.426.666.667;96.75;9.877.606.667
17;12;2015;6;553.277.777;3.006.649.203;2.444.444.444;9.501.282.051;10.152.825
17;12;2015;7;6.823.333.331;2.610.169.614;2.466.666.667;8.876.111.111;1.016.778.167
17;12;2015;8;5.444.444.443;2.140.702.533;2.595.934.959;78.5;1.010.556.333
17;12;2015;9;4.970.555.551;5.834.350.346;2.694.444.444;73.375;1.015.863.333
17;12;2015;10;7.641.666.696;984.397.838;2.625.641.026;8.393.888.889;964.415
17;12;2015;11;1.031.888.886;9.530.969.948;2.590.625;8.291.111.111;9.734.165
17;12;2015;12;1.280.666.671;9.535.089.368;2.555.952.381;8.356.934.307;1005.61
17;12;2015;13;1.315.444.444;9.517.943.548;2.513.793.103;8.588.888.889;1.004.726.833
17;12;2015;14;122.638.889;9.538.012.432;2.519.444.444;8.445.783.133;9.961.573.333
17;12;2015;15;1.316.111.109;8.537.828.515;2.524.342.105;8.498.333.333;989.314
17;12;2015;16;1.251.111.116;8.176.380.715;253.253.012;8.607.100.592;9.776.063.333
17;12;2015;17;1.154.277.777;7.783.835.636;2.540.740.741;8.506.666.667;9.858.401.667
17;12;2015;18;1.158.166.664;7.335.652.654;2.518.309.859;8.509.770.115;9.902.061.667
17;12;2015;19;1.007.555.557;6.038.833.271;2.538.461.538;8.519.387.755;9.843.598.333
17;12;2015;20;9.232.222.213;5.907.840.608;25.32;87.325;9.928.721.667
17;12;2015;21;9.522.777.793;5.516.435.331;2.533.333.333;8.912.820.513;9.972.491.667
17;12;2015;22;8.854.444.469;4.830.530.068;2.490.322.581;9.007.194.245;1.005.803
17;12;2015;23;8.662.777.811;4.510.929.273;2.466.666.667;9.346.666.667;9.886.118.333
18;12;2015;0;9.367.777.814;3.801.440.715;2.439.583.333;9.401.829.268;9.951.013.333
18;12;2015;1;8.621.111.136;3.224.562.192;2.433.333.333;9.443.333.333;9.844.486.667
18;12;2015;2;7.893.888.921;3.570.001.163;2.407.142.857;9.750.925.926;9.375.343.333
18;12;2015;3;8.468.888.905;3.848.290.368;24.15;9.434.482.759;9.625.585
18;12;2015;4;8.268.333.345;3.543.942.203;2.447.619.048;9.468.333.333;9.703.241.667
18;12;2015;5;747.222.223;3.709.580.966;2.368.275.862;9.198.295.455;1.003.923.833
18;12;2015;6;5.229.444.436;2.889.951.387;2.371.875;9.129.775.281;1.016.745
18;12;2015;7;6.958.333.333;3.946.427.016;2.405.095.541;8.487.647.059;1.013.733.833
18;12;2015;8;623.277.778;3.324.944.287;2.508.403.361;7.744.230.769;1.012.583.667
18;12;2015;9;6.477.777.769;8.018.763.601;2.610.416.667;7.646.470.588;1.002.985.167
18;12;2015;10;104.288.889;8.466.259.264;255.625;7.940.555.556;10.097.275
18;12;2015;11;1.148.333.332;8.379.449.522;2.564.705.882;7.679.444.444;1.009.162.333
18;12;2015;12;1.305.944.445;8.335.444.114;2.575.324.675;7.775.555.556;1005.96
18;12;2015;13;12.79;826.071.847;2.556.291.391;7.445.555.556;1.003.818.167
18;12;2015;14;1.339.611.111;8.002.039.828;2.555.414.013;77.15;1.004.580.167
18;12;2015;15;1.304.333.332;7.910.555.929;2.543.333.333;7.733.333.333;1.002.639.167
18;12;2015;16;1.305.444.445;774.586.861;2.503.846.154;7.766.091.954;1.001.388.667
18;12;2015;17;1.182.777.778;6.409.763.456;2.476.271.186;7.651.666.667;1.004.476.833
18;12;2015;18;109.338.889;5.697.498.656;248.317.757;7.801.734.104;1.005.137
18;12;2015;19;9.827.222.225;5.662.696.797;24.375;8.370.707.071;1.006.021.667
18;12;2015;20;9.581.111.081;5.541.196.026;2.397.826.087;846.440.678;1.009.063.167
18;12;2015;21;8.902.222.257;5.782.969.921;2.326.612.903;8.536.486.486;1.010.776.833
18;12;2015;22;8.111.111.135;4.677.718.793;2.343.333.333;8.664.285.714;1.011.435.333
18;12;2015;23;8.432.777.765;4.425.030.613;23.4;8.805.882.353;1.014.073.667
19;12;2015;0;848.444.447;3.699.031.018;2.343.333.333;9.033.928.571;1.013.837
19;12;2015;1;8.128.888.904;3.798.146.199;2.260.447.761;930.617.284;1.013.366.833
19;12;2015;2;7.941.111.117;397.304.267;2.290.721.649;91.625;1.013.595
19;12;2015;3;6.436.666.645;3.061.094.189;2.256.521.739;9.423.478.261;1.012.646.333
19;12;2015;4;6.842.777.801;4.687.489.736;2.257.142.857;9.484.210.526;1.009.247.167
19;12;2015;5;6.612.777.771;4.635.254.152;2.237.142.857;9.519.512.195;1.012.390.667
19;12;2015;6;5.761.666.685;4.408.918.553;225.046.729;9.358.108.108;1.015.562.333
19;12;2015;7;5.313.333.338;3.938.643.427;239.057.971;8.935.460.993;1.016.506
19;12;2015;8;5.567.222.216;6.199.583.626;2.428.888.889;8.374.626.866;1.017.160.333
19;12;2015;9;7.920.000.007;6.744.659.766;2.485.714.286;7.671.666.667;1.017.245
19;12;2015;10;9.626.111.126;8.112.070.508;2.433.121.019;7.778.888.889;1.016.147
19;12;2015;11;1.188.833.335;8.120.299.371;2.421.374.046;7.856.111.111;1.015.485
19;12;2015;12;1.304.555.556;8.171.844.779;2.497.959.184;73.4;10.144.385
19;12;2015;13;1.343.944.445;8.285.067.794;2.455.063.291;7.725.301.205;1.013.199.167
19;12;2015;14;1.340.499.999;8.208.189.079;2.425.742.574;8.047.222.222;1.013.165.667
19;12;2015;15;1.357.222.223;8.180.579.589;2.430.882.353;8.212.777.778;1013.15
19;12;2015;16;1.351.944.441;7.899.139.413;2.422.123.894;8.173.033.708;1.012.278
19;12;2015;17;1.178.111.109;7.220.428.905;2.455.789.474;8.170.634.921;10.132.125
19;12;2015;18;1.051.444.446;5.755.736.369;248.028.169;8.027.586.207;1.014.270.167
19;12;2015;19;1.045.722.224;5.839.771.791;2.388.421.053;8.021.323.529;1.014.105.333
19;12;2015;20;1.024.222.225;5.932.446.298;2.346.153.846;8.576.842.105;10.128.285
19;12;2015;21;9.337.777.789;5.734.538.941;23.4;87.5;1.012.363.167
19;12;2015;22;7.962.222.197;5.277.205.957;2.333.846.154;890.125;10.114.265
19;12;2015;23;7.555.307.284;5.701.063.472;2.303.676.471;9.254.545.455;1.011.644.749
20;12;2015;0;7.830.000.038;4.559.262.733;2.328.571.429;9.254.285.714;1.012.675.333
20;12;2015;1;8.798.888.895;3.648.103.533;2.325.373.134;9.048.076.923;10.114.235
20;12;2015;2;8.300.555.595;2.745.224.455;2.280.952.381;9.040.384.615;10.127.705
20;12;2015;3;7.908.888.933;3.294.828.273;226.369.863;9.147.222.222;1.013.128.333
20;12;2015;4;6.623.333.346;3.380.851.902;2.255.172.414;9.226.315.789;1.013.630.333
20;12;2015;5;5.243.333.371;3.029.646.306;2.237.209.302;9.343.589.744;1.014.027.833
20;12;2015;6;4.784.999.975;3.348.057.332;2.244.897.959;9.171.052.632;1.014.300.833
20;12;2015;7;3.553.333.328;2.681.119.878;2.357.462.687;8.816.666.667;1.015.611
20;12;2015;8;3.606.666.654;6.980.851.002;2.344.642.857;8.167.808.219;1.015.569
20;12;2015;9;4.833.888.899;9.758.152.153;2.305.109.489;8.513.333.333;1.016.414.667
20;12;2015;10;6.857.222.242;104.675.457;2.201.449.275;8.358.426.966;10.159.715
20;12;2015;11;8.943.333.348;1.005.406.299;2.230.337.079;8.322.857.143;1.015.343
20;12;2015;12;1.049.777.777;9.821.976.852;2.240.853.659;8.416.860.465;1.015.608.333
20;12;2015;13;1.152.055.554;9.260.237.158;2.313.636.364;8.154.444.444;1015.25
20;12;2015;14;1.123.888.888;942.816.716;2.320.454.545;8.252.777.778;1.014.159.167
20;12;2015;15;1.052.666.665;9.180.873.735;2.328.289.474;8.401.744.186;1.013.642.333
20;12;2015;16;1.154.055.554;8.263.760.879;2.371.232.877;8.386.708.861;1.014.603.333
20;12;2015;17;1.176.944.447;7.832.633.633;2.402.083.333;8.333.888.889;1.014.493.667
20;12;2015;18;1.166.833.335;7.751.449.763;23.5;84.54;1.014.319.667
20;12;2015;19;1.048.388.891;7.096.433.918;2.409.333.333;8.216.666.667;1.014.731.833
20;12;2015;20;84.066.667;6.468.037.817;24.05;82.875;1.014.604
20;12;2015;21;8.454.999.993;629.935.917;2.376.111.111;830.952.381;1.015.609
20;12;2015;22;8.471.111.133;6.064.497.634;2.369.411.765;8.392.063.492;1.015.922.667
20;12;2015;23;801.611.112;5.101.092.974;2.369.902.913;86.328.125;1.015.802
21;12;2015;0;8.770.000.013;4.856.916.853;2.342.857.143;8.778.431.373;1.016.029.667
21;12;2015;1;8.969.999.976;5.606.045.735;2.351.351.351;8.582.352.941;1.015.625.833
21;12;2015;2;7.249.999.984;485.356.387;2.331.479.247;86.75;1.015.633.167
21;12;2015;3;4.781.111.084;3.065.440.197;2.311.607.143;8.992.307.692;1.015.932.667
21;12;2015;4;438.722.222;3.314.261.444;2.261.818.182;9.152.380.952;1.016.554.667
21;12;2015;5;4.361.111.116;3.897.275.881;2.267.901.235;9.192.783.505;1.017.079.333
21;12;2015;6;3.361.666.654;2.627.068.535;235.462.963;91.44;1.018.276.833
21;12;2015;7;4.136.111.118;6.054.797.956;2.418.656.716;8.790.588.235;1.018.847.333
21;12;2015;8;4.523.333.326;9.073.713.091;2.540.540.541;8.335.443.038;1.019.440.167
21;12;2015;9;5.548.888.895;102.746.884;2.525.531.915;8.552.601.156;1.020.537.167
21;12;2015;10;7.438.333.344;1.030.849.607;2.551.724.138;8.265.317.919;1.020.159
21;12;2015;11;9.408.888.867;1.008.554.888;2.530.612.245;8.266.292.135;1.018.631.333
21;12;2015;12;1.009.888.887;9.984.473.978;2.361.607.143;8.330.555.556;1.017.854.333
21;12;2015;13;1.084.222.223;9.488.113.882;2.414.723.926;8.427.222.222;1.017.648.833
21;12;2015;14;1.130.333.334;9.113.510.161;2.341.447.368;8.258.333.333;1.017.636.167
21;12;2015;15;1.089.999.999;8.609.743.194;2.485.294.118;8.060.869.565;1.018.261.833
21;12;2015;16;1.059.333.337;8.431.659.202;2.418.681.319;8.134.453.782;1.017.477.667
21;12;2015;17;111.388.889;8.284.802.434;2.296.153.846;8.288.068.182;1.017.434.667
21;12;2015;18;1.116.000.001;8.257.789.901;2.272.477.064;79.15;1.017.723.167
21;12;2015;19;1.007.722.221;8.137.169.699;2.349.411.765;7.809.302.326;1.018.415.333
21;12;2015;20;1.009.833.334;8.228.988.635;2.412.745.098;8.129.444.444;1.018.884.667
21;12;2015;21;9.753.333.341;832.707.222;2.385.123.967;8.242.073.171;10.185.335
21;12;2015;22;9.543.333.334;8.396.085.534;2.292.913.386;8.430.337.079;1.018.257.167
21;12;2015;23;9.091.111.135;825.833.129;2.217.708.333;8.404.848.485;10.178.755
22;12;2015;0;8.432.777.802;8.644.710.499;2.188.405.797;8.655.555.556;1.017.757.333
22;12;2015;1;6.500.555.544;7.894.875.302;2.216.923.077;8.762.393.162;10.172.565
22;12;2015;2;5.380.392.112;6.737.168.047;2.247.058.824;8.835.135.135;1.016.693.774
22;12;2015;3;4.513.402.096;5.291.654.035;2.279.381.443;8.749.462.366;1.016.805.612
22;12;2015;4;3.150.000.004;3.519.732.918;2.180.769.231;8.934.615.385;1.016.769.231
22;12;2015;5;2.963.333.322;5.377.662.021;2.226.923.077;8.982.432.432;1.018.593
22;12;2015;6;2.300.555.549;5.621.561.106;2.202.906.977;9.121.428.571;1.017.439.833
22;12;2015;7;2.471.666.668;7.416.755.818;2.290.425.532;8.996.470.588;1.018.378
22;12;2015;8;3.991.666.667;9.861.615.976;2.428.571.429;8.715.044.248;1.018.003.667
22;12;2015;9;5.468.888.892;1.049.812.424;2.547.826.087;8.370.754.717;10.180.695
22;12;2015;10;5.903.888.888;1.087.008.828;2.357.142.857;8.507.586.207;1.017.931.667
22;12;2015;11;7.069.444.447;1.083.111.357;2.153.333.333;8.577.241.379;1.016.194.833
22;12;2015;12;9.851.111.121;1.060.822.725;2.209.433.962;8.555.232.558;1.015.579
22;12;2015;13;1.126.944.443;9.746.524.312;2.125.490.196;9.091.111.111;1014.92
22;12;2015;14;955.444.448;8.343.528.611;2.180.597.015;8.800.574.713;1.014.250.167
22;12;2015;15;9.524.444.429;7.751.088.863;2.352.272.727;7.899.444.444;1.013.237.833
22;12;2015;16;9.217.777.777;7.569.812.797;2.401.075.269;7.927.777.778;1.013.045.667
22;12;2015;17;9.474.444.448;849.577.119;23.125;7.809.550.562;1.013.157.667
22;12;2015;18;90.766.667;8.054.858.967;2.321.333.333;8.140.229.885;10.131.685
22;12;2015;19;8.431.111.092;8.069.687.411;2.298.039.216;8.401.666.667;1.014.027.333
22;12;2015;20;8.627.777.788;791.613.882;2.264.197.531;8.551.408.451;1.015.009.833
22;12;2015;21;8.375.555.563;8.650.485.449;2.222.666.667;8.742.222.222;1.014.801.833
22;12;2015;22;8.827.777.783;878.469.167;2.173.333.333;85.8;1.014.655.667
22;12;2015;23;7.562.777.792;8.774.733.599;2.224.242.424;8.827.222.222;1.013.599.833
23;12;2015;0;7.420.555.584;8.304.024.836;2.258.241.758;8.607.058.824;1.014.212.667
23;12;2015;1;6.619.444.447;7.962.905.957;2.297.701.149;8.426.553.672;1.013.938.667
23;12;2015;2;4.407.777.806;7.042.416.733;2.284.615.385;862.704.918;10.137.845
23;12;2015;3;2.935.555.555;8.263.379.382;2.239.370.079;8.836.842.105;1.013.846.833
23;12;2015;4;1.920.930.219;8.718.332.852;2.186.046.512;8.836.842.105;1.013.579.535
23;12;2015;5;1.211.904.759;761.229.551;2.218.181.818;8.943.137.255;1.014.324.286
23;12;2015;6;2.304.469.262;767.288.605;2.061.627.907;8.943.137.255;101.495.581
23;12;2015;7;2.912.222.211;6.742.692.376;2.263.779.528;86.6;1.015.316.167
23;12;2015;8;3.958.333.331;8.499.925.084;224.556.962;8.211.038.961;1.015.975.667
23;12;2015;9;5.216.666.639;1.071.334.543;2.260.240.964;7.980.120.482;1.016.323.667
23;12;2015;10;6.506.666.684;1.109.798.947;2.220.325.203;8.090.740.741;10.160.715
23;12;2015;11;7.689.999.983;1.078.052.008;2.202.409.639;8.476.111.111;1.014.882.833
